{
    "model": "MLPR",
    "datasets": [
        "Era_Coef_Parish.csv"
    ],
    "avg_mape": [
        [
            0.2827188590837176,
            0.01796819345007213
        ]
    ],
    "avg_r2": [
        [
            -0.08587570772733699,
            0.4898655749152964
        ]
    ],
    "avg_mae": [
        [
            45287.114104930704,
            1298.4304364985492
        ]
    ]
}