{
    "model": "MLPR",
    "datasets": [
        "all perth",
        "ar properties",
        "co properties",
        "DC Properties",
        "kc house data",
        "Melbourne housing",
        "pe properties",
        "uy properties",
        "all_data"
    ],
    "avg_mape": [
        [
            0.14973838133227307,
            0.002614689929681899
        ],
        [
            0.20086159943518384,
            0.0022217664742888404
        ],
        [
            0.1960053870975696,
            0.0049859532099147865
        ],
        [
            0.22885338363470475,
            0.012068762735120683
        ],
        [
            0.14530892488633568,
            0.001096877350760156
        ],
        [
            0.16751000291037962,
            0.0017505790045338754
        ],
        [
            0.21729145413431197,
            0.009565528068631321
        ],
        [
            0.1862050028905662,
            0.004568063619962619
        ],
        [
            0.20542395175289901,
            0.003787866141031412
        ]
    ],
    "avg_r2": [
        [
            0.6815841621690444,
            0.003830474208691642
        ],
        [
            0.6303590295651679,
            0.004943400782502769
        ],
        [
            0.6542101247727833,
            0.01317822079346905
        ],
        [
            0.8470015983233024,
            0.008015848761193382
        ],
        [
            0.6305510044410668,
            0.01272320507029828
        ],
        [
            0.5903249710749625,
            0.021983362254518163
        ],
        [
            0.49153301219150336,
            0.053562595482391555
        ],
        [
            0.5066392385944734,
            0.022526326096209828
        ],
        [
            0.8137930389539989,
            0.0034359842407898247
        ]
    ],
    "avg_mae": [
        [
            1547.6268530951372,
            11.365112925216723
        ],
        [
            1623.1796981080986,
            5.198768629866344
        ],
        [
            851.0548438589971,
            8.33562294869513
        ],
        [
            3569.047332569352,
            114.99642319940942
        ],
        [
            2074.9351273111024,
            26.429874038048084
        ],
        [
            3951.9082847131676,
            32.45131881232123
        ],
        [
            1281.5842710124798,
            48.33733594595853
        ],
        [
            1535.1556854338867,
            35.252763002533925
        ],
        [
            2051.142281438418,
            12.431974972655318
        ]
    ]
}