{
    "model": "RF",
    "datasets": [
        "all perth",
        "ar properties",
        "co properties",
        "DC Properties",
        "kc house data",
        "Melbourne housing",
        "pe properties",
        "uy properties",
        "all_data"
    ],
    "avg_mape": [
        [
            0.14895329906209173,
            0.0010889580869973626
        ],
        [
            0.19645510835009972,
            0.0005030293263631829
        ],
        [
            0.17985156401614988,
            0.0028338721165309423
        ],
        [
            0.18334491959150753,
            0.0025937002721366383
        ],
        [
            0.1403920071469222,
            0.0007225210242758152
        ],
        [
            0.16505125341956253,
            0.002060233690435093
        ],
        [
            0.20509267254205474,
            0.011526364443714165
        ],
        [
            0.17209775643189404,
            0.005082276788883596
        ],
        [
            0.19022619049037062,
            0.0004857673978505543
        ]
    ],
    "avg_r2": [
        [
            0.7620640942518637,
            0.004882626805714581
        ],
        [
            0.7803767118775867,
            0.002357750864325
        ],
        [
            0.8248262692387195,
            0.006460656558801659
        ],
        [
            0.7995818341746046,
            0.003577671339956598
        ],
        [
            0.7632045352743653,
            0.012213802850659336
        ],
        [
            0.7739049039631825,
            0.007721750242035056
        ],
        [
            0.7590387362830557,
            0.02809602408398232
        ],
        [
            0.7812297359589799,
            0.009057022266497225
        ],
        [
            0.8900309151883854,
            0.0007555209450499057
        ]
    ],
    "avg_mae": [
        [
            49713.56420902985,
            331.0256790289367
        ],
        [
            26738.18124537873,
            120.14271623002566
        ],
        [
            18887.171384812966,
            338.11100351102203
        ],
        [
            71146.5855099678,
            416.5683610470031
        ],
        [
            58688.77594873103,
            554.1678375533135
        ],
        [
            98000.91058607143,
            1160.4184439905387
        ],
        [
            29188.610848655495,
            1254.2670579260816
        ],
        [
            27302.72241698035,
            493.7858910933596
        ],
        [
            42080.26209556125,
            143.29703509125363
        ]
    ]
}