{
    "model": "XGBoost",
    "datasets": [
        "all perth.csv",
        "ar properties.csv",
        "co properties.csv",
        "DC Properties.csv",
        "kc house data.csv",
        "Melbourne housing.csv",
        "pe properties.csv",
        "uy properties.csv",
        "all_datasets"
    ],
    "avg_mape": [
        [
            0.13731045575954445,
            0.0007871156129087316
        ],
        [
            0.1691900714213747,
            0.001789412313454821
        ],
        [
            0.16640897374771355,
            0.0021467561713759786
        ],
        [
            0.18509651858451606,
            0.003146569927196478
        ],
        [
            0.15066609565902395,
            0.003137909580996794
        ],
        [
            0.1652701039729431,
            0.003125471424375744
        ],
        [
            0.19172645820423312,
            0.014679885758817124
        ],
        [
            0.17398558814361292,
            0.001827168301752972
        ],
        [
            0.17716440330007888,
            0.0003056170967641495
        ]
    ],
    "avg_r2": [
        [
            0.7833267416454468,
            0.003807567662029731
        ],
        [
            0.8197741190253282,
            0.002976736049355469
        ],
        [
            0.8214302667804705,
            0.00399420844109223
        ],
        [
            0.7850274420258986,
            0.0032633370407302493
        ],
        [
            0.7173492392193682,
            0.008874118390686157
        ],
        [
            0.7565400057586958,
            0.00739874861237132
        ],
        [
            0.7473663784323611,
            0.05786970359985267
        ],
        [
            0.7479794573021454,
            0.012532484354945573
        ],
        [
            0.8927960057388472,
            0.001083076790217523
        ]
    ],
    "avg_mae": [
        [
            46548.12768681613,
            381.0281390545272
        ],
        [
            23256.690251878987,
            235.42446474594095
        ],
        [
            18034.00158853747,
            107.18824551712248
        ],
        [
            73957.5544991384,
            483.62627115679106
        ],
        [
            63844.41476009144,
            1722.8822621039633
        ],
        [
            99820.84894815499,
            1560.823618604039
        ],
        [
            27965.710225378643,
            2031.6345625760705
        ],
        [
            27706.32267677052,
            419.7488434160154
        ],
        [
            40468.81157043124,
            205.7265434336678
        ]
    ]
}