{
    "model": "TabNet",
    "datasets": [
        "all perth.csv",
        "ar properties.csv",
        "co properties.csv",
        "DC Properties.csv",
        "kc house data.csv",
        "Melbourne housing.csv",
        "pe properties.csv",
        "uy properties.csv",
        "all_datasets"
    ],
    "avg_mape": [
        [
            0.14361615552442972,
            0.003523692481695062
        ],
        [
            0.1996813515678795,
            0.0018103629001109199
        ],
        [
            0.19715975046112827,
            0.0020349943998998555
        ],
        [
            0.19214069797750766,
            0.01105495189095601
        ],
        [
            0.15042488239193058,
            0.00451964563984071
        ],
        [
            0.17931398385415367,
            0.01580412333654004
        ],
        [
            0.22795642407973002,
            0.01759976650659152
        ],
        [
            0.19456217172319867,
            0.005565231858651721
        ],
        [
            0.19552112910949818,
            0.002369838697190505
        ]
    ],
    "avg_r2": [
        [
            0.7506483751349922,
            0.00803125388938422
        ],
        [
            0.7567708834333151,
            0.0011753538609941085
        ],
        [
            0.7847698461377169,
            0.007726579095829371
        ],
        [
            0.7997977120912163,
            0.01802286319943277
        ],
        [
            0.7266104725584969,
            0.008348268145803089
        ],
        [
            0.7209723242516363,
            0.04611369380001082
        ],
        [
            0.6583129438206864,
            0.03209056573282487
        ],
        [
            0.7002682390617632,
            0.010921630645057075
        ],
        [
            0.8704896021696298,
            0.00510448567418885
        ]
    ],
    "avg_mae": [
        [
            49030.29185186297,
            914.5528659294345
        ],
        [
            27785.513899805253,
            134.75607285231328
        ],
        [
            21161.27523242969,
            312.7506267805024
        ],
        [
            74023.33247130072,
            2942.9193589448896
        ],
        [
            63662.74332329817,
            692.7978471658571
        ],
        [
            107222.29018532709,
            9087.29194903314
        ],
        [
            32961.463992060104,
            1999.9423766683526
        ],
        [
            31266.340640032246,
            584.8453488714279
        ],
        [
            44281.91129819485,
            779.181390084976
        ]
    ]
}