{
    "model": "TabNet",
    "datasets": [
        "all perth",
        "ar properties",
        "co properties",
        "DC Properties",
        "kc house data",
        "Melbourne housing",
        "pe properties",
        "uy properties",
        "all_data"
    ],
    "avg_mape": [
        [
            0.14485142639764598,
            0.0031916255662814805
        ],
        [
            0.20043602172583244,
            0.0027019033868425062
        ],
        [
            0.19415356392634714,
            0.0029751767747169464
        ],
        [
            0.199269577455058,
            0.010196513442746972
        ],
        [
            0.15084066022073372,
            0.005376236545001069
        ],
        [
            0.16778180184319924,
            0.010861728836541247
        ],
        [
            0.22323764575980518,
            0.007046897623052249
        ],
        [
            0.19285165578508484,
            0.006169334036096141
        ],
        [
            0.19227125170140505,
            0.0024573327754773
        ]
    ],
    "avg_r2": [
        [
            0.6933969924948371,
            0.0028196280552398685
        ],
        [
            0.6432141229037613,
            0.004390828926012143
        ],
        [
            0.6602478420368334,
            0.02035277119480853
        ],
        [
            0.8625485337438346,
            0.016399052572337904
        ],
        [
            0.6165360369662162,
            0.012085886465523627
        ],
        [
            0.6080525966820687,
            0.06266980279701773
        ],
        [
            0.4449160265535185,
            0.062165703810074996
        ],
        [
            0.514551371508626,
            0.03961860701853191
        ],
        [
            0.83573008863449,
            0.009492867569145889
        ]
    ],
    "avg_mae": [
        [
            1487.3239853945856,
            16.95016260013066
        ],
        [
            1606.0963236014877,
            10.376218113968433
        ],
        [
            837.7952769436012,
            11.519736112940025
        ],
        [
            3269.562122056909,
            174.90679337980168
        ],
        [
            2133.3669772053954,
            56.56004022352393
        ],
        [
            3894.2444541978434,
            235.8901290509706
        ],
        [
            1343.9147738527133,
            79.66774188518721
        ],
        [
            1540.8956698771683,
            54.85137066169093
        ],
        [
            1909.0455041114944,
            26.796633653648044
        ]
    ]
}