{
    "model": "TabNet",
    "datasets": [
        "all perth",
        "ar properties",
        "co properties",
        "DC Properties",
        "kc house data",
        "Melbourne housing",
        "pe properties",
        "uy properties",
        "all_data"
    ],
    "avg_mape": [
        [
            0.14858663042984496,
            0.0025568035989373184
        ],
        [
            0.20051123519331684,
            0.001547276054934489
        ],
        [
            0.20063360617398518,
            0.002695086066465603
        ],
        [
            0.2238871716821669,
            0.022219585067818078
        ],
        [
            0.1520422562686985,
            0.007814890357784248
        ],
        [
            0.17381986028712504,
            0.004928911336101454
        ],
        [
            0.22051641508542377,
            0.013225049820291638
        ],
        [
            0.19148390474138682,
            0.0038356599213427997
        ],
        [
            0.20733207523783923,
            0.010260207453540997
        ]
    ],
    "avg_r2": [
        [
            0.7487316695990974,
            0.00899403644536372
        ],
        [
            0.7628298014151589,
            0.003856729650866266
        ],
        [
            0.7769917789158142,
            0.0030314503013592325
        ],
        [
            0.746266017848192,
            0.03421487113541074
        ],
        [
            0.7290976550109896,
            0.020565181080829373
        ],
        [
            0.7392880319413365,
            0.017135465687837134
        ],
        [
            0.7101486424213186,
            0.015872928787984734
        ],
        [
            0.7195431929103965,
            0.010851977800135476
        ],
        [
            0.8183414747059428,
            0.06614071942517062
        ]
    ],
    "avg_mae": [
        [
            49851.1145551371,
            1033.9241129202892
        ],
        [
            27638.073115359584,
            204.43458658800589
        ],
        [
            21443.631369446706,
            137.09449585561683
        ],
        [
            83681.21887748459,
            5602.917014399413
        ],
        [
            64021.170867228335,
            2196.4706420368825
        ],
        [
            103301.06151399863,
            3005.3754005686137
        ],
        [
            32466.063660893353,
            1815.0352817142427
        ],
        [
            30721.242912846723,
            314.24575721059927
        ],
        [
            46626.52605169799,
            2364.618491698867
        ]
    ]
}