{
    "model": "XGBoost",
    "datasets": [
        "all perth",
        "ar properties",
        "co properties",
        "DC Properties",
        "kc house data",
        "Melbourne housing",
        "pe properties",
        "uy properties",
        "all_data"
    ],
    "avg_mape": [
        [
            0.1397833847595522,
            0.0010655796085205739
        ],
        [
            0.16908361515991877,
            0.0005782889262297721
        ],
        [
            0.16858429763223842,
            0.003999762248982579
        ],
        [
            0.1832490738447784,
            0.0034695178017851358
        ],
        [
            0.1522067651774413,
            0.002859385578874718
        ],
        [
            0.1645871420973625,
            0.002368320728802246
        ],
        [
            0.19640756391244407,
            0.006310067243257054
        ],
        [
            0.17723407726262855,
            0.003978404584063215
        ],
        [
            0.1762588630935082,
            0.00042728740751204396
        ]
    ],
    "avg_r2": [
        [
            0.7053327630755818,
            0.005829088486410983
        ],
        [
            0.7336108944532068,
            0.004713953811929768
        ],
        [
            0.7170212409448324,
            0.0170638423457381
        ],
        [
            0.8778834691004616,
            0.007219434636781166
        ],
        [
            0.5886048824415133,
            0.012803800358765896
        ],
        [
            0.6513631253228395,
            0.017303524386449633
        ],
        [
            0.5557284768667068,
            0.01707056211229572
        ],
        [
            0.5561060208006807,
            0.0158297733774859
        ],
        [
            0.8643794457290458,
            0.0014728296017199824
        ]
    ],
    "avg_mae": [
        [
            1461.8761193482885,
            8.561099776144342
        ],
        [
            1347.2035828131454,
            11.410717006159944
        ],
        [
            717.5476762094681,
            9.209730417473496
        ],
        [
            2978.478717056293,
            40.717590201278135
        ],
        [
            2169.947667961203,
            26.62923169973452
        ],
        [
            3804.5415057751834,
            44.572025458595505
        ],
        [
            1150.5083818346302,
            28.951228590920707
        ],
        [
            1419.2260108306723,
            37.7890689114932
        ],
        [
            1755.6382327635833,
            6.0759858041766766
        ]
    ]
}