{
    "model": "MLPR",
    "datasets": [
        "Era_Coef_Parish.csv"
    ],
    "avg_mape": [
        [
            0.17305556634448327,
            0.013293303005605306
        ]
    ],
    "avg_r2": [
        [
            0.7341184205917927,
            0.13951013134405543
        ]
    ],
    "avg_mae": [
        [
            28752.42495156043,
            1195.6447065795758
        ]
    ]
}