{
    "model": "RF",
    "datasets": [
        "all perth",
        "ar properties",
        "co properties",
        "DC Properties",
        "kc house data",
        "Melbourne housing",
        "pe properties",
        "uy properties",
        "all_data"
    ],
    "avg_mape": [
        [
            0.14032027835929833,
            0.0016593354172556951
        ],
        [
            0.17810541730753476,
            0.0013622235744912576
        ],
        [
            0.17048273733213082,
            0.0013137306389884157
        ],
        [
            0.1797129848350661,
            0.0033681421364727005
        ],
        [
            0.13987037068449956,
            0.0031865358544741745
        ],
        [
            0.16363876468775515,
            0.002369671853226567
        ],
        [
            0.18589809509424501,
            0.009078043013242266
        ],
        [
            0.17017982943155366,
            0.0055822231793474205
        ],
        [
            0.1788742633909867,
            0.0005954019962267626
        ]
    ],
    "avg_r2": [
        [
            0.7098552863589958,
            0.006505302826757479
        ],
        [
            0.7095995644346114,
            0.0033486121419890433
        ],
        [
            0.7268295843980688,
            0.012440709660856144
        ],
        [
            0.8885025957735994,
            0.0044605366382823065
        ],
        [
            0.6431105739316996,
            0.01464012646607466
        ],
        [
            0.6644993709069856,
            0.015560870438208056
        ],
        [
            0.5884250636796385,
            0.049839832564603864
        ],
        [
            0.5919739440355265,
            0.014424939004818407
        ],
        [
            0.8689162294767473,
            0.003339733827470291
        ]
    ],
    "avg_mae": [
        [
            1468.2757435944065,
            17.621104122261382
        ],
        [
            1420.1063406302114,
            4.265260771056836
        ],
        [
            725.5452837662713,
            6.009776844308117
        ],
        [
            2870.4455321343094,
            56.46600083096495
        ],
        [
            1985.6858152755408,
            20.77454701515762
        ],
        [
            3744.968988873805,
            65.70646998640768
        ],
        [
            1128.291838396876,
            42.495656279567534
        ],
        [
            1368.1187043967846,
            39.92996263551582
        ],
        [
            1756.2415432144862,
            6.813016635856867
        ]
    ]
}