{
    "model": "MLPR",
    "datasets": [
        "Era_Coef_Parish.csv"
    ],
    "avg_mape": [
        [
            0.23024033198117724,
            0.01667946442952645
        ]
    ],
    "avg_r2": [
        [
            -0.6445992074047554,
            1.6369526639979661
        ]
    ],
    "avg_mae": [
        [
            38799.91910206847,
            3485.562317729454
        ]
    ]
}