{
    "model": "RF",
    "datasets": [
        "all perth.csv",
        "ar properties.csv",
        "co properties.csv",
        "DC Properties.csv",
        "kc house data.csv",
        "Melbourne housing.csv",
        "pe properties.csv",
        "uy properties.csv",
        "all_datasets"
    ],
    "avg_mape": [
        [
            0.14029935003315921,
            0.0011488058039711383
        ],
        [
            0.178474209129816,
            0.0008718820437193539
        ],
        [
            0.1700910522531983,
            0.0021704403011458396
        ],
        [
            0.17810430241155384,
            0.002923704540350084
        ],
        [
            0.13955081742768824,
            0.001997510128611439
        ],
        [
            0.16371246066195524,
            0.0014472789843876423
        ],
        [
            0.19689354054464803,
            0.011090291203454023
        ],
        [
            0.17136862629466482,
            0.00661394644560999
        ],
        [
            0.1832824173582925,
            0.0005743659646436437
        ]
    ],
    "avg_r2": [
        [
            0.7680575443544713,
            0.004313710802221915
        ],
        [
            0.8056382955678084,
            0.0023421083339954843
        ],
        [
            0.8291020708403003,
            0.006996261057530523
        ],
        [
            0.8025862480693574,
            0.0066243936417117255
        ],
        [
            0.7658922305744862,
            0.010065609021728771
        ],
        [
            0.7637779484993212,
            0.005521259014953648
        ],
        [
            0.7733896877691457,
            0.015830592064569906
        ],
        [
            0.7764343548545392,
            0.013115927020902477
        ],
        [
            0.8908610104233528,
            0.0005029339217547306
        ]
    ],
    "avg_mae": [
        [
            47729.894733974914,
            354.2318772989499
        ],
        [
            24464.760855792993,
            143.4346410822196
        ],
        [
            18315.21645082316,
            214.2914219068458
        ],
        [
            70571.60418628047,
            1070.0225163986681
        ],
        [
            58134.083943698985,
            942.4540080193095
        ],
        [
            98250.9475758674,
            1289.8019763017182
        ],
        [
            27711.67310596992,
            606.0981230203785
        ],
        [
            27351.825466984123,
            703.8620671651788
        ],
        [
            41425.80227677117,
            185.13903243013635
        ]
    ]
}