{
    "model": "MLPR",
    "datasets": [
        "all perth",
        "ar properties",
        "co properties",
        "DC Properties",
        "kc house data",
        "Melbourne housing",
        "pe properties",
        "uy properties",
        "all_data"
    ],
    "avg_mape": [
        [
            0.15447395049295615,
            0.0041093456126107
        ],
        [
            0.20413672333515262,
            0.0018570011267356136
        ],
        [
            0.20755540682890955,
            0.002352039464275786
        ],
        [
            0.2773010072153184,
            0.009335030066296844
        ],
        [
            0.15147591208186584,
            0.0018075943367964085
        ],
        [
            0.17831176938173438,
            0.005294961676281506
        ],
        [
            0.2163096478699254,
            0.008646606571490969
        ],
        [
            0.18605435582714955,
            0.0026189194909914653
        ],
        [
            0.21331616901073105,
            0.0013982483300563624
        ]
    ],
    "avg_r2": [
        [
            0.7413502578419746,
            0.00865071488942169
        ],
        [
            0.7531363397141974,
            0.0028571560028886
        ],
        [
            0.7779780222361031,
            0.0066892116847295366
        ],
        [
            0.6546305478311516,
            0.020010535166434106
        ],
        [
            0.7279249124430861,
            0.012165694686779941
        ],
        [
            0.7294763989792328,
            0.008172780984498248
        ],
        [
            0.716951152014944,
            0.03669921787640945
        ],
        [
            0.7340303747616885,
            0.010060574610618756
        ],
        [
            0.8376829964798502,
            0.006533300725191484
        ]
    ],
    "avg_mae": [
        [
            51017.55093548685,
            768.7818214933411
        ],
        [
            28124.461724100205,
            155.0604555434619
        ],
        [
            21928.56125759973,
            175.5961245810772
        ],
        [
            98220.19175576392,
            2444.569252034906
        ],
        [
            63511.565311548125,
            602.9497243626564
        ],
        [
            105808.47477124888,
            2153.811989606808
        ],
        [
            32184.198443959434,
            1769.027181910457
        ],
        [
            30111.07735236335,
            621.0077785506905
        ],
        [
            49061.95871919508,
            618.2359297672092
        ]
    ]
}