{
    "model": "MLPR",
    "datasets": [
        "Era_Coef_Parish.csv"
    ],
    "avg_mape": [
        [
            0.13028413356485874,
            0.03479600309015802
        ]
    ],
    "avg_r2": [
        [
            0.4989783696366468,
            0.5494687262652953
        ]
    ],
    "avg_mae": [
        [
            17012.192209636767,
            2126.571216786813
        ]
    ]
}