{
    "model": "MLPR",
    "datasets": [
        "all perth.csv",
        "ar properties.csv",
        "co properties.csv",
        "DC Properties.csv",
        "kc house data.csv",
        "Melbourne housing.csv",
        "pe properties.csv",
        "uy properties.csv",
        "all_datasets"
    ],
    "avg_mape": [
        [
            0.14791934668734733,
            0.002402647119071511
        ],
        [
            0.20011226303491733,
            0.0026211517103183982
        ],
        [
            0.19931234909602594,
            0.00896352298265982
        ],
        [
            0.22895631119668636,
            0.010191121453460726
        ],
        [
            0.14538493134088554,
            0.004202733175399504
        ],
        [
            0.17000518902593545,
            0.0025861960750977312
        ],
        [
            0.2131414338503056,
            0.011232786590175172
        ],
        [
            0.1916703546781184,
            0.003762607643765109
        ],
        [
            0.20489282461464442,
            0.00468900932382854
        ]
    ],
    "avg_r2": [
        [
            0.7528692408178083,
            0.009360448731203974
        ],
        [
            0.7597729218410502,
            0.003682613281046341
        ],
        [
            0.7811050611954308,
            0.004782718465087666
        ],
        [
            0.7259787852563587,
            0.021254385439309936
        ],
        [
            0.7378795006883067,
            0.01545374004167807
        ],
        [
            0.7433484153920945,
            0.006804250494220934
        ],
        [
            0.7177118901892082,
            0.02710779518146797
        ],
        [
            0.7316468455189702,
            0.011168135909766308
        ],
        [
            0.854698448416508,
            0.006220632456607818
        ]
    ],
    "avg_mae": [
        [
            49270.95427766125,
            496.6258955944437
        ],
        [
            27783.06740588388,
            249.49769769142102
        ],
        [
            21474.20448987144,
            427.78812612791285
        ],
        [
            87583.8886292886,
            3330.7076764676544
        ],
        [
            61163.266557638264,
            1916.890352785997
        ],
        [
            102953.16768290318,
            1265.3363218881375
        ],
        [
            31030.164081787356,
            656.0793349700857
        ],
        [
            30284.73969798369,
            432.5688549772354
        ],
        [
            47132.12744334555,
            858.8018901755381
        ]
    ]
}