{
    "model": "XGBoost",
    "datasets": [
        "all perth",
        "ar properties",
        "co properties",
        "DC Properties",
        "kc house data",
        "Melbourne housing",
        "pe properties",
        "uy properties",
        "all_data"
    ],
    "avg_mape": [
        [
            0.13813517705475503,
            0.0014196488560340877
        ],
        [
            0.1683165161008035,
            0.001728962720250866
        ],
        [
            0.1700262113091919,
            0.002812190414526985
        ],
        [
            0.18753950165419467,
            0.0014750675048547446
        ],
        [
            0.15354045218860005,
            0.002372657651864023
        ],
        [
            0.16798962228160855,
            0.002858109225588297
        ],
        [
            0.19662814765428993,
            0.011196223192966944
        ],
        [
            0.17481920344677393,
            0.008500705391821366
        ],
        [
            0.16953656045922832,
            0.0011076258801590503
        ]
    ],
    "avg_r2": [
        [
            0.7793433978978944,
            0.004274127111502869
        ],
        [
            0.8239986756049579,
            0.00335469351677474
        ],
        [
            0.8119959891611358,
            0.007029208921994294
        ],
        [
            0.7816039557057639,
            0.0015646246541538814
        ],
        [
            0.7185899589179656,
            0.012579028968533164
        ],
        [
            0.7524139627029892,
            0.0049998005227992835
        ],
        [
            0.7387679867687323,
            0.035278876719511555
        ],
        [
            0.7546403447526767,
            0.015505840480309374
        ],
        [
            0.9013397841426598,
            0.001700374692155667
        ]
    ],
    "avg_mae": [
        [
            46817.99714422398,
            408.6891601070644
        ],
        [
            22869.90669430209,
            208.9142906572923
        ],
        [
            18134.44174509717,
            208.0591429130962
        ],
        [
            74133.39696124912,
            997.5488523722472
        ],
        [
            64634.822129393724,
            859.95502115021
        ],
        [
            100659.28158970103,
            794.2339437943606
        ],
        [
            28765.30437630388,
            1154.605201533773
        ],
        [
            27619.610312049666,
            752.4237353717065
        ],
        [
            38473.360078640995,
            219.26112429046555
        ]
    ]
}